name,phone_number,email
Daniel,674-464-3968,Gomez.Daniel@yahoo.com
Rebecca,280-233-4915,Rebecca.Holloway@comcast.net
Malik,637-873-4099,Malik_B@mail.com
Cathy,933-164-4896,CWoods@hotmail.com
Diane,697-410-0242,Diane.E@att.com
Nathaniel,169-743-1077,Nathaniel.Lopez@aol.com
Alison,209-288-2545,Alison.Lewis@att.com
Jordan,531-965-5524,Turner.Jordan@comcast.net
Jennifer,397-913-8405,Jennifer_George@aol.com
Linda,708-577-4608,LindaSharp@yandex.com
Ashley,395-120-3478,AshleyCarter@hotmail.com
John,479-189-0187,John.J@protonmail.com
Amy,253-203-7174,Amy_Wood@outlook.com
Abigail,343-499-8729,AChavez@xfinity.com
Gilbert,607-725-4267,Gilbert.M73@outlook.com
Cheyenne,800-539-6964,Adams.Cheyenne57@outlook.com
Alan,809-724-8007,ASmith@comcast.net
John,439-617-8803,JohnLewis@verizon.com
Donald,556-841-7180,II.Donald81@aol.com
Marcus,676-260-4530,Johnson_Marcus@yahoo.com
Cody,567-317-6838,Cody_Fernandez@gmail.com
Brian,752-895-2717,BrianHall@yandex.com
Curtis,568-833-2942,Summers_Curtis@verizon.com
Mark,659-106-8203,Nguyen.Mark61@gmail.com
Frank,150-765-1579,Frank.G72@xfinity.com
Frances,244-261-6450,Thompson.Frances91@xfinity.com
Brianna,327-858-7659,Brianna.Vincent@hotmail.com
Jeffrey,290-960-3858,Jeffrey.L@zoho.com
Andrew,197-391-1688,Andrew.Rubio@att.com
Vanessa,469-605-1463,Hancock.Vanessa@zoho.com
Jeffrey,984-601-6442,JMcpherson@gmail.com
Laura,589-883-7023,Laura_White@verizon.com
Austin,660-624-7019,AustinLewis@protonmail.com
Matthew,635-807-9464,MBrown@att.com
Pedro,339-221-3726,Watts.Pedro36@yandex.com
Samuel,575-261-7320,Samuel_Williams@comcast.net
Patricia,725-925-4777,Patricia_L@protonmail.com
Dr.,992-737-5039,Hernandez.Dr.@xfinity.com
John,496-157-1659,Flowers_John@protonmail.com
Kimberly,808-398-5152,KMarquez@aol.com
Michelle,994-675-9801,Michelle_Ross@aol.com
Julia,136-864-1845,Liu.Julia@gmail.com
Victoria,312-638-3363,VictoriaSanders@gmail.com
Angelica,168-089-3942,AngelicaWilliams88@mail.com
Margaret,391-201-5289,Chen_Margaret83@yandex.com
Tina,879-694-6194,Tina_Marquez61@comcast.net
John,227-343-6911,JohnRobertson@gmail.com
Regina,190-421-8062,Gonzalez.Regina@outlook.com
Kevin,651-273-0891,Kevin.Pena34@comcast.net
Jack,866-849-2009,JJackson@yandex.com
Joseph,319-549-0827,Joseph.Winters@hotmail.com
Samantha,452-940-7907,Samantha.P95@yandex.com
William,989-761-7974,Gentry.William39@comcast.net
Joshua,926-805-1334,Joshua_M73@xfinity.com
Stephanie,968-635-5173,Patton.Stephanie@yahoo.com
Janet,199-818-5372,JanetVasquez@verizon.com
Danielle,645-093-8959,DNguyen@gmail.com
Justin,307-658-9775,JBeltran@aol.com
Jessica,277-159-1761,Jessica.Lopez@hotmail.com
Susan,481-919-6553,Susan_Wilson15@comcast.net
Heather,258-922-0831,Calhoun_Heather@hotmail.com
Katelyn,839-845-3377,Katelyn_B@verizon.com
Heather,539-796-4118,Heather_P@aol.com
Jennifer,620-951-0112,Jennifer.J@comcast.net
Michael,852-312-4204,Decker_Michael94@mail.com
Kevin,589-658-7492,KevinGonzales14@hotmail.com
Adam,368-466-8873,AWalker34@att.com
Adam,789-889-0638,Adam.Decker@yahoo.com
Mrs.,806-154-2232,Mrs.Reyes@hotmail.com
Jenny,469-950-6483,Jenny_M@att.com
Christina,162-542-1920,CSexton@hotmail.com
Tracy,988-076-8336,Tracy_J@verizon.com
Steven,407-978-0462,Herring_Steven@yahoo.com
Michael,616-123-4284,MichaelHorton@xfinity.com
John,549-635-2732,John_R99@yahoo.com
Michael,431-272-8848,Michael_E@aol.com
Ronald,529-198-8247,Ronald_T@att.com
Patrick,549-712-1776,Patrick_B76@yandex.com
Jane,565-372-8167,Jane.G37@verizon.com
Angela,761-731-6335,Angela.F34@protonmail.com
Courtney,588-072-9538,Bishop.Courtney@hotmail.com
Shawn,361-022-0738,Shawn.Gomez@zoho.com
Amanda,793-154-2081,Amanda.P@zoho.com
Darryl,208-991-2661,Bishop.Darryl@verizon.com
Richard,667-074-8124,Richard.Gilbert@aol.com
Jessica,571-100-4551,Jessica_R@outlook.com
Julia,216-315-1427,Lowe.Julia@zoho.com
Darlene,261-358-3581,Darlene_Dunn@gmail.com
Tyler,375-708-8426,Tyler.O@xfinity.com
Michael,208-557-4788,Michael_P@mail.com
Shawn,452-890-9030,SGonzales@aol.com
Brandon,285-380-8243,Brandon_Fritz@xfinity.com
Cynthia,162-956-1104,CWood@protonmail.com
Thomas,266-998-5646,ThomasNelson93@protonmail.com
Carla,901-873-8611,Carla.Hughes32@att.com
Sheryl,494-937-7509,Nelson.Sheryl22@mail.com
Lori,999-532-0134,Lori.M@outlook.com
David,725-380-0217,DavidRivera@zoho.com
Joshua,231-037-4692,Joshua_M@zoho.com
Philip,214-591-1719,Philip.G51@yandex.com
Cynthia,663-578-5508,CynthiaThomas98@aol.com
Jennifer,350-291-7783,Jennifer_Mcdowell80@outlook.com
Tiffany,414-741-7004,Tiffany_Allen@verizon.com
Aaron,647-481-2314,Aaron.W@zoho.com
Robert,303-966-7023,Robert_Marshall@yandex.com
Patrick,576-956-0061,Brown_Patrick@att.com
Scott,984-471-8595,Scott.Thomas15@outlook.com
Marcus,708-080-5828,Marcus_Sanders@att.com
Kathleen,547-492-3170,Kathleen_Smith55@mail.com
Karen,925-520-8209,Karen.Williams@xfinity.com
Mr.,286-184-0334,Nguyen.Mr.@yandex.com
Elizabeth,175-266-2402,Elizabeth.Turner@zoho.com
Amy,554-465-2130,Amy_S@yandex.com
Amber,659-720-0234,Amber_Silva17@outlook.com
Leslie,184-062-4721,Leslie_Neal@yahoo.com
Zachary,346-009-9744,Zachary.V34@att.com
Mr.,980-779-1947,Mr._I@comcast.net
Kimberly,224-610-1693,Kimberly_Clayton@protonmail.com
Joshua,992-348-0202,Joshua.Simon@att.com
Pamela,920-249-9540,Pamela.Garcia@xfinity.com
Kimberly,980-098-5516,Lam_Kimberly@outlook.com
Mr.,391-494-5776,Mr._R@gmail.com
Dustin,709-840-5862,Dustin_Alvarez@hotmail.com
Jose,186-112-0706,Green_Jose@att.com
Paul,912-016-8343,PaulWatson@yandex.com
Elizabeth,977-674-6380,Elizabeth.B@protonmail.com
Mary,767-411-6326,Wright.Mary@att.com
Megan,366-671-1393,Megan_B@yandex.com
Rachael,378-860-3389,Rachael_Adams@yandex.com
Melissa,609-612-5090,Barajas_Melissa89@yandex.com
Julian,444-487-2730,Julian.J@gmail.com
Danielle,288-262-7152,Mayo.Danielle@outlook.com
Cindy,363-516-4884,Pope.Cindy@mail.com
Steven,243-845-6140,StevenDoyle87@xfinity.com
Benjamin,189-904-7006,Benjamin_R@zoho.com
Erika,495-350-8307,Erika.Thompson@aol.com
Laura,905-682-6035,Laura_Kemp49@comcast.net
Catherine,466-796-7056,Catherine.S@xfinity.com
Sally,711-048-1551,Sally.S87@comcast.net
Caitlin,278-889-4055,Collins_Caitlin@yahoo.com
Nicholas,988-087-5200,Nicholas_W@aol.com
Cynthia,422-579-9950,CynthiaGlenn93@yandex.com
Katherine,730-439-5534,KRice@mail.com
James,609-012-0702,James.Daniel79@protonmail.com
Daniel,191-891-6214,Gray.Daniel20@gmail.com
Laura,371-573-9188,Parker_Laura93@gmail.com
Tyler,433-140-7146,TSullivan53@verizon.com
Travis,307-083-2141,Joyce.Travis44@comcast.net
Regina,561-520-7183,Willis_Regina@verizon.com
Brady,526-220-0112,BThompson@protonmail.com
Tyler,764-124-1912,Tyler_Robinson@gmail.com
Ashley,839-364-8787,DVM_Ashley@verizon.com
Mr.,311-109-0321,Mr.Cook@aol.com
Eileen,324-215-5785,EileenHarris@hotmail.com
Anthony,975-368-5438,Anthony.Wood60@aol.com
Bobby,120-577-3239,Dawson_Bobby@zoho.com
Mark,500-625-2236,MarkBolton@comcast.net
Judy,674-211-8967,Judy_Kaufman@aol.com
Adam,634-811-2387,ASchroeder29@yandex.com
Ashley,189-232-0915,Ashley_Grimes98@yandex.com
Randall,264-150-7306,Sanders_Randall@xfinity.com
Michelle,853-152-5606,MichelleMalone@verizon.com
Alejandro,132-920-5524,Alejandro_Bridges@zoho.com
Matthew,506-552-9511,Jackson.Matthew@aol.com
Julia,913-754-7580,Julia.K21@yahoo.com
Tara,916-865-0554,Hill.Tara@xfinity.com
Robin,210-429-9522,RMcdowell52@zoho.com
Amy,933-744-5024,Amy.S22@comcast.net
Joshua,841-514-0733,Joshua.S@verizon.com
Manuel,551-328-4562,ManuelMejia@hotmail.com
Taylor,590-609-4258,Taylor_Smith@yahoo.com
Debra,428-514-7933,Friedman.Debra@protonmail.com
Alexa,826-146-3690,Alexa.Bailey@verizon.com
Robert,824-733-8728,Sanchez.Robert@verizon.com
Jonathan,626-229-7531,Evans.Jonathan@protonmail.com
Susan,892-759-2051,Hancock.Susan12@verizon.com
Rebecca,868-170-0087,Rebecca.Walker@outlook.com
Amy,792-625-6377,Amy.Osborne@gmail.com
Ariana,179-725-0814,ArianaOliver85@hotmail.com
Michael,122-119-0735,Davis_Michael@aol.com
Jennifer,202-266-4426,JenniferRichard13@mail.com
Kevin,305-720-6828,KRoss@verizon.com
Andrew,221-343-8664,Andrew.Bishop@gmail.com
Sean,968-634-3043,Vargas.Sean@xfinity.com
Thomas,552-016-7528,Reyes_Thomas@comcast.net
Ronald,727-472-2839,Rodriguez_Ronald41@yandex.com
Jessica,545-760-7797,Jackson_Jessica@mail.com
Karen,714-124-4625,Karen_Kelly20@att.com
Charles,686-289-4989,Charles.S84@protonmail.com
Mr.,215-678-5577,Mr.MD11@yahoo.com
Jessica,699-039-0180,Jessica_Kelley@verizon.com
Jennifer,264-812-6921,Bradley_Jennifer@yandex.com
Lynn,406-053-6853,Oconnell.Lynn@xfinity.com
Carolyn,751-915-8500,Carolyn.G39@yahoo.com
Rodney,233-830-3203,Wood.Rodney23@verizon.com
Heather,905-509-3937,Heather.Ross83@verizon.com
Marcus,347-561-0842,Marcus_J@zoho.com
Christopher,683-810-6740,Christopher_C42@comcast.net
Stephen,360-146-5268,SDavis@zoho.com
Kayla,511-005-1310,Kayla_V@aol.com
Derek,617-873-7896,DerekHarrison@outlook.com
Stacy,193-702-2535,StacyKelly55@outlook.com
Paula,232-067-5977,Jordan.Paula59@zoho.com
Christina,993-969-1741,Christina_H@yahoo.com
Anna,807-034-3972,AnnaHoward34@gmail.com
Melissa,658-023-9433,Melissa.Blevins65@comcast.net
John,776-884-5520,JohnEvans@gmail.com
Maureen,339-643-8604,Villegas_Maureen@aol.com
Jeffrey,222-085-4844,Brooks_Jeffrey@mail.com
Gina,828-575-5713,Novak.Gina@verizon.com
Kristin,101-195-5852,Weaver.Kristin41@outlook.com
Susan,675-902-9107,Mcknight_Susan@verizon.com
Tanya,536-028-4365,Tanya_T84@outlook.com
Matthew,202-273-5630,Matthew_Robinson@verizon.com
Alison,408-413-6613,Alison.S@comcast.net
Chad,718-486-2838,Chad_R@xfinity.com
Denise,895-291-4275,Dixon_Denise@xfinity.com
Gerald,848-093-7081,GeraldHuffman@mail.com
Daniel,634-919-7125,Daniel_DDS@comcast.net
Christina,149-649-7129,Christina.P64@gmail.com
Sydney,222-517-0469,SydneyGeorge@yandex.com
Hannah,267-078-9646,Hannah.E34@protonmail.com
Cory,674-429-1197,Garcia.Cory@yandex.com
Kevin,378-576-7302,Kevin.Cole@hotmail.com
Christopher,987-238-5393,Christopher_H84@protonmail.com
Robert,155-232-0236,Robert_T@gmail.com
Brent,542-726-6046,Medina_Brent@protonmail.com
Bryan,630-294-1971,Bryan.T@aol.com
Lisa,544-931-6915,Lisa.DDS@gmail.com
Cameron,186-788-9883,Cameron.Sanchez@yandex.com
Barbara,826-742-4185,Barbara.S@gmail.com
Kevin,389-385-7849,Kevin.Clark@outlook.com
Jodi,320-444-3329,Jodi_Wells@yandex.com
Felicia,289-385-8141,Felicia.G11@zoho.com
Cynthia,302-277-0906,CynthiaTrujillo@comcast.net
Nicholas,242-712-4387,Nicholas.R30@hotmail.com
Barry,940-557-2491,Barry_Williamson@xfinity.com
Angela,402-650-9343,AJones74@xfinity.com
Laurie,941-849-2603,Laurie.Long@verizon.com
Mark,252-374-8077,Schaefer_Mark@outlook.com
Dale,554-221-1309,Dale.Sanders54@mail.com
Mercedes,197-296-5290,Mercedes_Fields89@gmail.com
Kathy,143-365-0067,KAllen96@gmail.com
Kyle,274-854-9454,KyleChen@hotmail.com
Nicholas,831-070-7458,Nicholas.R@comcast.net
Shelby,734-490-0537,Shelby_Holland@xfinity.com
Jason,903-236-0766,JasonAnderson@gmail.com
Andrea,921-682-2035,Andrea.L@yandex.com
Leonard,826-213-6047,Cruz.Leonard@mail.com
Stephanie,852-170-6651,Fleming_Stephanie@protonmail.com
Matthew,270-163-1210,Munoz_Matthew@zoho.com
Nathan,588-408-3344,Nathan_Bean43@protonmail.com
Kenneth,463-192-6987,KGarcia18@att.com
Lisa,623-199-7594,Nelson.Lisa@yandex.com
Steve,867-666-8548,Steve.Lee@aol.com
Margaret,314-262-8962,Margaret_C11@gmail.com
Tammy,736-562-2131,Tammy.B@att.com
Stephanie,365-043-3451,StephanieLee@att.com
Joy,135-844-4485,Kelly_Joy@xfinity.com
Dr.,428-464-1272,Rush_Dr.@yandex.com
Katie,615-940-9612,KHernandez@outlook.com
Alan,347-713-8953,Alan.Jr.@protonmail.com
Tammie,107-049-9566,Morris_Tammie@zoho.com
Joseph,995-867-6840,Joseph_Andrews@yahoo.com
Brian,449-549-5850,Brian_Hogan76@comcast.net
Cynthia,654-889-1252,Cynthia.S96@protonmail.com
Jason,447-911-7103,Wright_Jason@gmail.com
Heather,457-225-1376,Heather_Cummings84@verizon.com
Lisa,150-173-2345,Glenn_Lisa50@mail.com
David,848-542-0673,Davis.David@outlook.com
Alex,256-237-4537,AThompson59@verizon.com
Linda,940-383-0156,Huber.Linda@verizon.com
Randall,183-801-8146,Randall.Hurst62@protonmail.com
Paige,101-491-6210,PaigeBolton92@yandex.com
Stefanie,262-487-2205,Stefanie.Rodriguez@yahoo.com
Susan,175-984-2563,Susan_Kelly@att.com
Mr.,493-356-2698,Jr._Mr.@mail.com
Aaron,798-633-6330,Aaron.Byrd46@yahoo.com
Michele,948-503-4414,MJensen@mail.com
Olivia,622-712-4795,Olivia.S26@hotmail.com
Victoria,694-956-8185,Barrett.Victoria@xfinity.com
Diane,340-995-1029,Ramirez.Diane40@mail.com
Danielle,251-993-4858,Danielle.Webb92@zoho.com
George,987-413-3017,George_W@gmail.com
Thomas,447-531-3985,ThomasMeadows51@verizon.com
Don,696-838-5876,Don_Jones59@outlook.com
Douglas,110-857-4280,Pittman.Douglas21@xfinity.com
Ms.,521-962-6426,DDS_Ms.30@yahoo.com
Drew,992-908-5597,Romero_Drew@outlook.com
Eric,548-338-6557,EricBrown@zoho.com
David,462-068-5480,David.Dunn48@zoho.com
Lisa,433-738-7780,LGiles45@mail.com
Heather,585-385-5352,Heather.S@protonmail.com
Ryan,699-282-6741,Rose_Ryan@aol.com
Danielle,207-269-1902,DChapman@zoho.com
Ashley,990-505-3792,Norman.Ashley@yahoo.com
Emily,657-227-4089,Emily.F@att.com
Andrew,904-917-2098,AndrewAnderson@verizon.com
Rebecca,221-578-0751,RebeccaLane55@att.com
Andrew,107-253-5669,Meyers_Andrew@xfinity.com
Molly,695-417-9406,MollyDavenport@comcast.net
Jennifer,179-629-1046,Jennifer_Johnson@xfinity.com
Lisa,229-297-9879,Cowan.Lisa@gmail.com
Victoria,551-811-1282,Victoria_P20@zoho.com
Steven,582-736-7729,SKelley27@zoho.com
Bryan,712-502-3319,Bryan.Blanchard92@att.com
Stanley,944-994-6993,Kelley_Stanley@yahoo.com
Amanda,433-091-7154,MD_Amanda@zoho.com
Janice,373-828-8136,Rice.Janice@outlook.com
Ronald,943-757-2233,Chang_Ronald@att.com
Amanda,153-194-6680,AmandaTorres@yahoo.com
Jose,774-828-4870,JoseBishop@zoho.com
John,737-281-9498,Werner_John15@verizon.com
Chase,727-966-0828,Chase_S28@outlook.com
Eric,135-831-7751,Russell.Eric@att.com
Andrea,119-980-5941,Andrea.Price@verizon.com
Hannah,332-162-6561,Torres.Hannah@outlook.com
Melissa,173-572-5541,MMurray@mail.com
Jeffrey,297-977-5680,Jeffrey_W@att.com
Marc,498-746-3716,Marc.Morrison99@gmail.com
Hannah,270-811-0591,Hannah_Keller@aol.com
Allison,178-630-2783,Allison.Roach@yandex.com
Jake,115-503-2624,Jake.E@aol.com
Fred,622-848-5873,Fred_Jr.@comcast.net
Darren,613-283-0920,Darren.Taylor37@hotmail.com
Ashley,738-578-8391,AshleyWeaver35@xfinity.com
Scott,832-806-0855,Ferguson_Scott@outlook.com
Mark,464-215-6694,Mark_V@att.com
Jennifer,460-890-0900,Jennifer.L42@protonmail.com
Travis,491-809-1838,Travis_M@att.com
Renee,891-343-6694,Alvarez_Renee@comcast.net
Abigail,197-555-4186,Henson.Abigail63@protonmail.com
Bradley,591-871-4034,Ryan.Bradley@xfinity.com
Mr.,766-918-1857,Mr..E@zoho.com
Kelly,504-404-1155,KellyBrown67@verizon.com
Darren,831-818-2011,Darren.Watson@aol.com
Caleb,467-440-0864,CalebFarmer@mail.com
Mackenzie,607-393-6912,Mackenzie.Castillo@yandex.com
Crystal,200-858-5243,Ross_Crystal55@zoho.com
Tyler,451-842-9742,Griffin.Tyler@verizon.com
Heather,367-572-9573,Heather.M53@protonmail.com
Tonya,646-637-3520,Tonya_P12@protonmail.com
Sara,557-023-2589,Sara_Dixon@mail.com
Steven,893-517-3046,Henderson.Steven@hotmail.com
Sarah,584-978-7206,SGarrett@protonmail.com
Shawn,292-695-2808,SLopez@comcast.net
Sarah,822-493-2059,Flores_Sarah@yahoo.com
Katie,395-225-2049,Katie_K@att.com
Richard,451-998-4256,Richard_G@xfinity.com
James,657-954-0489,Gardner.James@xfinity.com
Jean,801-603-4272,JeanHawkins@gmail.com
Joseph,825-440-8350,Joseph_Dixon@comcast.net
Emily,585-056-7974,Emily_Wilson42@yahoo.com
Christopher,985-606-7872,Christopher.Orozco33@outlook.com
Wayne,562-092-1044,WayneMD@verizon.com
Stephanie,934-600-4796,Stephanie_Turner@verizon.com
Emily,155-538-0479,EMcgee62@verizon.com
Brian,125-409-1798,BrianAnderson20@gmail.com
Edward,179-059-2844,EdwardNguyen@zoho.com
Felicia,559-775-7144,Hudson.Felicia@zoho.com
Lisa,188-301-4008,Parker.Lisa29@gmail.com
Jake,138-594-8036,Jake.Fuentes@mail.com
Natasha,556-504-9560,Natasha.R@xfinity.com
Ashley,681-501-4163,Ashley_Payne@comcast.net
Samantha,820-859-2360,Johnson_Samantha74@hotmail.com
Molly,479-197-6825,Molly_Martin96@zoho.com
Joseph,858-714-7896,Joseph.Strong@comcast.net
Nancy,531-808-4259,Bates_Nancy@att.com
Timothy,137-915-0205,Timothy.DDS@yandex.com
Jonathan,584-069-4864,JonathanSnyder68@zoho.com
Jeremy,627-578-1650,JOwens@comcast.net
Paul,105-932-5648,Paul.Watts@xfinity.com
Michael,725-215-1701,Michael_G@yandex.com
Stephanie,720-616-7888,Stephanie.Stephenson75@yandex.com
Thomas,167-819-3496,Thomas.Horton@gmail.com
Pamela,554-197-6408,Pamela.T@yandex.com
Kelly,558-723-6418,Kelly_A@zoho.com
Michael,555-814-8366,Michael_Hopkins@aol.com
Mary,490-783-9689,Mary_Montes@hotmail.com
Michelle,359-775-9980,MichelleCarrillo@comcast.net
Jessica,401-785-2768,Welch_Jessica23@zoho.com
Amber,451-365-2122,Barry.Amber@outlook.com
Tracey,374-091-0568,Tracey.R@protonmail.com
Donna,111-726-2584,DRussell@hotmail.com
Anthony,180-668-6192,AWood@att.com
Jeffrey,492-361-9984,JEllis@protonmail.com
Michael,553-073-7598,Michael.Ortiz13@gmail.com
Kyle,398-179-2819,KyleMD@hotmail.com
Traci,950-867-5095,Traci.P@protonmail.com
Patricia,578-112-6285,MD.Patricia@mail.com
Samuel,423-557-3499,Samuel_F@zoho.com
Mark,384-987-9163,Mark.C@gmail.com
Joseph,829-883-3373,Kramer_Joseph@protonmail.com
Laura,763-020-7554,Laura.Brewer@verizon.com
Alejandro,883-852-6314,Hernandez.Alejandro@verizon.com
Jeffery,116-895-8825,Carr.Jeffery@zoho.com
Jonathan,941-890-2211,DVM.Jonathan61@yandex.com
Karen,639-596-4329,Karen.Knight@gmail.com
David,490-922-2193,David_Brown58@yahoo.com
Gabriela,604-977-6562,Gabriela_Watson@comcast.net
Michael,743-766-9524,Michael_Z79@att.com
Katie,986-088-5913,Katie.H92@verizon.com
Teresa,117-531-2838,Buck.Teresa17@xfinity.com
Brian,734-046-4929,Brian_K@att.com
Kimberly,530-482-4004,KimberlyJones@hotmail.com
Stacey,871-150-3399,StaceyCallahan@att.com
Melissa,514-629-5037,MPaul@yahoo.com
Anthony,788-957-4051,Santiago_Anthony@zoho.com
Katherine,418-220-0663,KatherineRojas@att.com
Cynthia,981-563-5053,Blevins_Cynthia@gmail.com
Ryan,872-267-1692,Orr.Ryan@gmail.com
Allison,499-231-5661,Allison.E96@hotmail.com
Robert,688-412-9715,RobertSpencer@verizon.com
Harry,328-529-2220,Harry_Patterson@xfinity.com
Tyler,830-229-8264,Tyler.B57@outlook.com
Ryan,999-433-0685,Hamilton_Ryan@yahoo.com
David,960-555-9427,David.Brown66@protonmail.com
Teresa,696-408-8608,Teresa_O@protonmail.com
Amanda,182-041-2861,ARobinson24@yandex.com
Anthony,390-966-2897,AHunter@yahoo.com
Dennis,261-917-4325,Dennis.Wells92@gmail.com
Alexander,490-499-4656,Alexander_P@verizon.com
Brenda,888-352-2913,BCole81@protonmail.com
Rebecca,653-663-7720,Rebecca_Kennedy@aol.com
Michael,988-190-7017,Smith_Michael74@mail.com
Mikayla,545-436-1753,Johnson.Mikayla43@outlook.com
Alec,453-624-0316,Alec.Case@protonmail.com
Manuel,686-860-7226,Thompson.Manuel@hotmail.com
Amanda,863-616-4046,Amanda_Smith@xfinity.com
Angela,361-935-9310,AngelaCurry@xfinity.com
Jennifer,350-795-1039,JThompson38@mail.com
Russell,267-056-3771,Russell.W@zoho.com
Shelby,662-108-0124,Shelby_Martin@outlook.com
Stephen,935-681-8292,Stephen_W@gmail.com
Todd,470-253-9627,Hammond_Todd55@verizon.com
Kayla,884-407-8157,Kayla_C84@protonmail.com
Michael,642-068-3094,MEvans14@yahoo.com
John,600-181-5351,Kelley.John44@protonmail.com
Robert,943-702-6862,Robbins_Robert@xfinity.com
Joshua,529-831-1000,Anderson_Joshua@yandex.com
Brandon,516-684-0484,Brandon_C@comcast.net
Benjamin,891-764-8339,BenjaminCrawford@protonmail.com
Jason,266-969-8266,Jason_Simmons@protonmail.com
Julia,329-439-9612,Sims.Julia@protonmail.com
Patrick,194-542-9067,Maxwell_Patrick@gmail.com
James,418-542-9329,James.F@aol.com
Brenda,202-720-1871,BDDS@aol.com
Kelly,552-363-6244,Kelly_Freeman@zoho.com
Jacqueline,142-025-8549,Barron_Jacqueline@mail.com
David,522-972-7522,David_T@verizon.com
Aaron,812-799-2221,ANelson@outlook.com
Sonya,426-442-1534,Johnson.Sonya12@yahoo.com
Spencer,954-852-1491,Spencer_Maldonado@zoho.com
Donna,310-085-8726,Donna_Moore@outlook.com
Hunter,573-144-9892,Hunter_Webb@verizon.com
Travis,939-606-8781,TravisChase@mail.com
Connie,176-057-2994,Flores_Connie@protonmail.com
Matthew,102-120-9470,Matthew_Holmes58@yahoo.com
Mrs.,832-542-9501,Mrs..M@gmail.com
Jessica,312-787-5092,Mitchell_Jessica91@zoho.com
Phillip,158-192-5968,Phillip_Caldwell34@yahoo.com
Stephanie,588-531-0551,StephanieLe76@mail.com
Amber,490-674-5932,Amber_Davis@att.com
Randy,327-183-8704,Porter.Randy@xfinity.com
Gary,212-379-2188,GaryFrank92@protonmail.com
Nathan,942-580-6507,Estrada.Nathan@hotmail.com
Jennifer,904-767-8788,Rollins_Jennifer@yahoo.com
Stephanie,850-781-6544,Stephanie.G77@att.com
Lori,602-657-0194,LSmith@verizon.com
Timothy,993-977-5170,Perez.Timothy@protonmail.com
Scott,623-562-3459,Scott.O21@hotmail.com
Austin,841-185-8167,Austin_T12@protonmail.com
Frederick,189-064-4275,Frederick.Taylor@aol.com
Jeffrey,880-179-7972,JLopez29@comcast.net
James,264-493-6852,Flores_James@comcast.net
David,393-607-4416,Young.David@att.com
Christopher,932-263-5048,Christopher.Brady@protonmail.com
Kristin,278-298-1358,KPerez78@att.com
Angela,730-545-1564,AngelaGray@xfinity.com
Dale,931-647-3774,Mercer.Dale@yandex.com
Mr.,181-422-9687,DDS_Mr.@yahoo.com
Aaron,724-850-3155,Mcdonald.Aaron@mail.com
David,991-870-6721,David_Cohen@aol.com
William,216-139-8989,Lang.William@mail.com
Jonathan,430-766-5869,Jonathan_B@aol.com
Taylor,212-315-4347,Taylor_H@mail.com
Nicholas,563-260-7875,Nicholas.Lopez42@yahoo.com
Tara,318-053-9034,TWarren@gmail.com
Felicia,852-348-9194,Felicia.M@yahoo.com
Sherry,794-734-8721,SDVM97@att.com
Justin,658-393-4046,JustinHernandez@aol.com
Frank,884-011-4729,Frank.D@mail.com
Robert,559-378-1293,Robert_B@xfinity.com
Elizabeth,163-906-6246,EGarcia70@att.com
Adam,149-223-6142,Adam_S71@yandex.com
Alvin,858-060-5068,AlvinAguilar@yahoo.com
James,414-340-3398,James_M@gmail.com
Rhonda,325-507-9874,Lee_Rhonda@zoho.com
Pamela,147-488-0989,PamelaRodriguez@mail.com
Tammy,408-849-4846,Tammy_R@yahoo.com
